N2,H2,CO,CO2,CH4,C2Hn,gas_LHV,gas_tar,gas_yield,char_yield,CGE,CCE
61.77,8.48,9.74,13.36,4.18,2.19,5.39,73,1.62,NaN,53,70
60.64,7.11,8.98,15.69,4.2,2.72,5.652,47,1.73,NaN,56,80
61.67,8.44,10.47,12.28,4.57,2.14,5.55,58,1.72,NaN,58,75
61.86,8.24,10.4,12.83,4.35,2.05,5.16,39,1.91,NaN,61,81
60.66,7.08,12.73,14.04,3.33,1.78,4.91,5,2.04,NaN,61,92
64.61,7.68,10.58,11.66,3.78,1.27,4.69,42,2,NaN,57,79
64.7,9.5,2.4,9.6,9.1,4.7,7.5,130,3.312,NaN,58,60.03240451
68,8.1,2.2,10.4,7.1,4.2,6.3,81,4.342857143,NaN,63,72.87745919
64.1,9.1,2.8,9.1,10.4,4.5,7.9,160,2.962025316,NaN,55,54.941085
49,26.9,20,1.4,2.2,0.5,6.5,0,5.427692308,NaN,82,76.44453925
45.1,30.1,18.4,1.6,3.4,1.4,7.6,0,4.168421053,NaN,74,62.71985123
48.5,27.1,20.1,1.7,2.1,0.5,6.5,0,5.649230769,NaN,85,80.62571603
50.3,24,19.5,3.3,2,0.9,6.3,0,6,NaN,88,92.09086115
44.4,30.8,19,1.6,3.2,1,7.5,0,4.8,NaN,84,71.0513505
47.2,29.1,20.9,1.2,1.5,0.1,6.4,0,6.1875,NaN,92,84.14114676
56.2,14.7,18.3,3.1,5.7,2,7.1,0,5.678873239,NaN,94,101.9573122
46.2,30.6,17.5,2.3,2.8,0.6,6.9,0,4.904347826,NaN,79,67.34553315
46.4,28.2,21.1,1.5,2.3,0.5,6.8,0,5.823529412,NaN,93,86.61653054
45.7,29.5,19.9,1.7,2.5,0.7,7,0,5.142857143,NaN,84,75.4285835
54.8,13.7,16.7,5.1,7.3,2.4,7.7,0,5.142857143,NaN,93,101.5530478
68.5,6.6,4.8,11.4,6.3,2.4,5.2,56,3.323076923,NaN,52,63.45004887
64.2,8,4.6,11.6,7.9,3.7,6.4,55,3.0375,NaN,58,66.73248493
66.3,6.8,3.7,11.1,7.3,4.8,6.8,99,2.647058824,NaN,54,58.5407992
65.6,8.6,5.3,9.8,7.3,3.4,6.4,59,3.76875,NaN,60,68.86869318
61,9.6,4.5,10.9,8.6,5.4,7.9,32,3.508860759,NaN,69,76.44103093
55.8,9.9,11.6,14.3,6.3,2.1,6.2,19,2.438709677,NaN,60,74.27069443
60.7,7.9,10.9,14.1,4.9,1.5,5,14,2.736,NaN,54,75.50717447
64.7,5.9,7.6,13.4,6.6,1.8,5.2,15,2.492307692,NaN,48,57.3607755
62.3,7.9,8.7,12.3,7,1.8,5.7,43,2.210526316,NaN,46,51.32177354
57.9,9.2,9.1,12.8,8.3,2.7,6.9,54,1.930434783,NaN,49,50.41013236
62,7.25,11.5,17,2.25,NaN,3.27,NaN,1.3,NaN,28,50
57.4,6.5,13.75,18.75,3.6,NaN,3.45,NaN,1.5,NaN,37,64
53,7.25,17.25,19,3.5,NaN,4.45,NaN,1.75,NaN,50,75
51.75,9.5,18.75,17,3,NaN,4.95,NaN,1.9,NaN,63,82
50.75,12.25,20,14,3,NaN,5.37,NaN,2,NaN,71,89
55.75,7.5,15.75,18,3,NaN,4.25,NaN,1.2,NaN,29,47
54.28,5.55,16.62,19.24,4.31,NaN,4.53,NaN,1.3,NaN,36,59
57.5,5,14.75,19.75,3,NaN,3.8,NaN,1.65,NaN,38,67
58.5,4,13.75,21,2.75,NaN,3.35,NaN,1.76,NaN,39,71
61,6,15,15,3,NaN,3.86,NaN,1.2,NaN,30,52
59.75,6,14.5,17.5,2.25,NaN,3.5,NaN,1.7,NaN,35,70
55.25,8,15,19,2.75,NaN,4,NaN,1.75,NaN,43,79
50,14.5,16,16.75,2.75,NaN,5.1,NaN,1.8,NaN,58,82
46.7,19.5,17.8,13.25,2.75,NaN,5.87,NaN,2,NaN,72,84
1.5,22,42.5,21,8.5,4.5,7.945,NaN,1.43,NaN,59.8652764,78.17
2.5,28,39,19,8,3.5,7.651,NaN,1.51,NaN,60.87517213,80.66
1.5,32,37.5,18,7.5,3.5,8.56,NaN,2.23,NaN,100.5827906,85.9
1,36.5,34,18.5,7.5,2.5,8.223,NaN,2.45,NaN,106.1552378,92.35
1,39,33.5,19,6.5,1,7.362,NaN,2.53,NaN,98.14346509,92.59
1.5,32.5,37.5,17.75,7.75,3,8.817,NaN,2.13,NaN,98.9567668,76.26
0.75,32,39,17.5,7.75,3,8.839,NaN,2.25,NaN,104.7926215,84.49
0,32,40,17.5,7.5,3,8.708,NaN,2.37,NaN,108.7456314,90.6
0.5,32,39,18.25,7.5,2.75,8.164,NaN,2.18,NaN,93.77877224,84
0.5,32.5,37.5,19.75,7.25,2.5,7.277,NaN,1.88,NaN,72.08672198,70.6
0,33,43,16,6,2,6.741,NaN,1.46,NaN,51.85877287,68.67
1.25,30,40.5,17,8,3.25,9.143,NaN,2.39,NaN,115.1414445,92.09
1.75,31,39,17.5,7.75,3,8.905,NaN,2.34,NaN,109.7981023,88.7
1,32.5,37.5,18.5,7.5,3,8.56,NaN,2.23,NaN,100.5827906,85.9
0.5,32.5,37.5,19,7.5,3,8.1,NaN,1.95,NaN,83.22708487,75.1
0,32.25,37.5,21.25,6.5,2.5,6.976,NaN,1.53,NaN,56.23969487,77.62
0.25,32.25,37.5,19.5,7.5,3,7.937,NaN,1.93,NaN,80.71583471,84.4
0.25,32.25,40,17,7.5,3,8.708,NaN,2.37,NaN,108.7456314,90.6
0.25,30.5,41,17,7.75,3.5,8.737,NaN,2.57,NaN,118.3151918,95.1
60.9,9.8,7.2,14.2,3.7,2.6,3.4,17.3,0.96805,44.47935,28.6206087,54
52.2,14,10.7,13.6,4.9,3.2,4.8,14.1,1.019,35.5631,42.53217391,67.3
47.7,16.4,12.6,13,5.7,3.3,5.6,10.2,1.019,36.22545,49.62086957,72.8
65.1,7.6,6.9,14.1,2.7,2.1,2.8,11.8,1.27375,44.98885,31.01304348,66.2
60.8,10.4,8,14.1,3,2.2,3.3,7.6,1.27375,28.532,36.55108696,71.3
57.7,12.1,10.1,13.1,3.3,2.4,3.9,4.3,1.3247,19.0553,44.9246087,77.9
74.9,3.2,4.3,14.1,1,0.8,1.3,6.6,1.47755,23.1313,16.70273913,61.6
65.3,8.5,6.9,13.8,2.4,1.5,2.7,4.8,1.57945,19.6667,37.08273913,79.5
63.3,9.7,8.2,13.9,2.1,1.4,2.9,3,1.57945,6.5216,39.8296087,89.1
60.8,9.9,7.7,14.8,2.8,1.9,3.2,11.2,1.2228,18.9534,34.02573913,72.2
59.2,11,8.4,14.8,3.1,2,3.5,7.2,1.3247,8.40675,40.31695652,79.7
53.8,15.5,10.4,14.1,3.2,1.5,4.2,4,1.4266,6.7254,52.10191304,86.7
60.4,10,7.8,15.6,2.9,1.8,3.2,10.9,1.27375,17.67965,35.44347826,74.7
58.5,12,8.6,15.2,2.7,1.6,3.5,6.9,1.3247,7.59155,40.31695652,79.8
53.1,16.1,10.1,14.7,3,1.5,4.2,3.9,1.4266,7.59155,52.10191304,87.6
64.9,8,7.6,14.2,2.3,1.5,2.7,7.4,1.27375,25.2712,29.90543478,68.4
60.1,12.3,8.5,13.5,2.8,1.3,3.5,4.3,1.37565,29.50005,41.8676087,73.1
55.1,15,12.2,12.5,2.8,1,4.3,2.3,1.4266,9.2729,53.34243478,85.5
64.4,8.8,7.7,14.1,2.3,1.3,2.8,4.7,1.27375,26.13735,31.01304348,69.4
59.8,12.1,8.3,12.6,2.8,1.4,3.5,2.6,1.4266,42.95085,43.41826087,71.4
56.5,14.2,12.2,12.2,2.5,1,4.1,1.4,1.4266,8.40675,50.8613913,83.3
58.2,13.3,8.4,14.9,2.4,1.3,3.5,3.4,1.37565,13.50175,41.8676087,79
56.1,15.2,8.1,15.3,2.6,1.3,3.7,3.5,1.37565,15.1831,44.26004348,80.8
58.27953084,6.473145866,13.19686512,15.91141016,3.508027437,1.294629173,4.591817676,NaN,1.8824,NaN,71.15947548,86.4
59.91618604,5.571650141,11.50405461,17.55671052,3.487291815,1.242598233,4.238276576,NaN,1.65438,NaN,57.72457627,83.2
61.445842,5.436136278,10.40962266,17.65780436,3.199995114,1.195178898,3.940750696,NaN,1.49,NaN,48.33941807,79.6
60.7469761,5.315103536,10.9254906,17.91386747,3.248118828,1.181134119,4.002960431,14.75,1.2775,NaN,44.35373045,71
61.37841851,5.29986772,10.7924579,17.63410532,3.083559401,1.156334775,3.903238596,11.75,1.46,NaN,49.42718787,75
62.25210422,5.368338472,10.35995144,17.32937331,3.013804054,1.035995144,3.751988503,10,1.606,NaN,52.26307838,79
62.99879511,5.195755952,9.927605123,17.44289498,2.876222045,0.927813563,3.555139398,4.25,1.7885,NaN,55.14847729,86
58.20245353,5.825442017,13.83542479,17.06022305,3.224798259,1.144283253,4.393643015,17.25,1.3986,NaN,44.40747338,67
60.21428492,5.728826898,12.74170121,16.2975248,3.160732082,1.185274531,4.245406949,9.5,1.7388,NaN,53.25116365,80
60.31276428,6.1239637,12.64302183,16.19887172,3.160755458,0.888962473,4.088192808,6.5,1.9656,NaN,57.96777859,88
61.89727598,5.47290241,12.36121062,15.75818453,3.019532364,0.849243477,3.900079445,4.25,2.0412,NaN,57.42740049,92
59.27917552,5.486338628,14.02064316,15.64622498,3.657559085,1.219186362,4.599834136,15,1.7204,NaN,48.89426372,74
59.41646362,6.12119704,13.67067339,15.5070325,3.468678323,1.122219457,4.48824332,12,1.8768,NaN,51.93916441,80
60.47397996,6.295831962,12.98515342,15.05097329,3.443033104,1.082096119,4.385054953,8.5,2.1114,NaN,57.08817085,86
60.68442874,6.081750046,12.94824203,15.20437511,3.433245994,0.980927427,4.288963516,7,2.1505,NaN,56.87119703,88
61.60035038,5.556835524,12.7423987,15.23339394,3.353262816,0.862267581,4.098547051,3,2.346,NaN,59.28686737,95
56.3,11.9,19.7,10,2.1,NaN,4.5,26.77,2.06,242.25,45.1,67.3
57.7,10.3,19.4,10.3,2.3,NaN,4.4,13.21,2.02,104.15,44.1,68.5
59.2,11,18.5,9.5,1.8,NaN,4.2,9.94,2.17,48.41,44.3,68.5
58,9,21.7,9.1,2.2,NaN,4.5,22.41,2.13,93.06,52.5,79.5
55,11.1,20.3,11.1,2.5,NaN,4.6,39.32,2.05,82.99,50.9,76.5
63.77,8.5,16.4,9.73,1.6,NaN,4.3,30.91,2.32,220.34,50,72.3
61.4,9.2,18.3,9.4,1.7,NaN,3.9,34.67,1.89,102.74,34.9,56
59.7,10,20.6,7.9,1.8,NaN,4.3,60,1.81,140.07,38.6,58.2
60.9,8.4,20.5,8.6,1.6,NaN,4,28.88,1.67,201.72,32.8,70
57.2,14.2,19,8.8,0.8,NaN,4.2,11.75,2.3,63.41,49.3,71.6
60.8,10.9,19.5,7.9,0.9,NaN,3.9,22.38,1.91,175.43,39,59.2
54.1,15.3,19.7,9.6,1.3,NaN,4.6,9.55,1.93,60.32,40.3,68.6
56.7,12.9,19,10.2,1.2,NaN,4.2,30.68,2.03,62.37,42.9,65.8
59.9,12.1,16.9,9.6,1.5,NaN,3.95,50.95,1.45,102.15,28.9,50.4
58.7,11.4,17.3,11,1.6,NaN,3.97,13.72,2.22,180.64,43.1,69.6
51.5,13.02,8.43,20.31,2.77,1.06,4.13,1.15,1.36,301.52,33.8,47.55820772
50.6,12.91,9.08,19.6,2.67,1.12,4.21,NaN,1.66,NaN,42.14,57.86871802
54.14,13.5,8.42,20.04,2.7,1.2,4.25,1.09,1.35,261.92,34.76,47.09111204
54.45,12.73,9.15,19.9,2.65,1.09,4.19,NaN,1.38,NaN,34.85,48.53735049
56.57,4,19.9,14.45,2.9,2.14,4.956970702,NaN,1.5,NaN,52.28872049,76
61.3,3.78,14.95,16.23,2.37,1.29,3.760987314,NaN,1.73,NaN,45.75603413,78.3
63.59,3.39,12.75,17.14,1.98,1.13,3.21810767,NaN,1.98,NaN,44.80909414,81
59.46,3.77,18.29,14.5,2.36,1.62,4.311169887,NaN,1.49,NaN,45.1732991,70.4
62.42,3.4,14.43,16.46,2,1.21,3.477925097,NaN,1.71,NaN,41.8231499,72.6
64.11,3.26,12.5,17.23,1.85,1.05,3.090481122,NaN,1.97,NaN,42.81468222,78.6
63.13,3.41,15.13,14.82,2,1.51,3.687742524,NaN,1.3,NaN,33.71353925,55
63.98,3.32,13,16.62,1.91,1.09,3.199385683,NaN,1.5,NaN,33.74879412,60
64.21,3.25,12.29,17.42,1.84,0.98,3.030663696,NaN,1.7,NaN,36.23156317,67
55.1,9.2,12.8,20.8,2.1,NaN,3.38,NaN,1.312764553,NaN,29.91381574,71.9
52.5,11.6,14.7,18.4,2.8,NaN,4.13,NaN,1.340113815,NaN,37.31298627,73.3
57.3,7.6,13.7,18.6,2.8,NaN,3.57,NaN,1.415324284,NaN,34.06374922,77.1
53.3,10.4,13.4,20.3,2.6,NaN,3.76,NaN,1.43583623,NaN,36.39661753,78.2
54.5,9.6,12.2,21.5,2.2,NaN,3.38,NaN,1.565745222,NaN,35.67845732,85.5
51.8,12.3,14.5,18.4,3,NaN,4.25,NaN,1.579419853,NaN,45.25377312,86.1
51.9,11.8,12.7,21.1,2.5,NaN,3.79,NaN,1.456348176,NaN,37.2111163,79.6
49.4,13.1,14.2,20.4,2.9,NaN,4.26,NaN,1.599931799,NaN,45.94934678,87.3
0,22.05,29.87,34.19,9.54,4.05,11.96,36.640625,0.64,NaN,39.66010363,60
0,24.2,32.76,30.02,9.92,2.85,11.99,21.52631579,0.76,NaN,47.21450777,64
0,20.27,30.61,34.73,10.18,3.65,11.87,35.17977528,0.89,NaN,54.7373057,81
0,22.98,33.3,30.51,10.15,2.43,11.81,22.33333333,1.02,NaN,62.41554404,89
0,21.54,31.29,34.59,9.76,2.49,11.26,33.25287356,0.87,NaN,50.75751295,80
0,23.15,33.46,30.92,10.23,1.98,11.67,20.59793814,0.97,NaN,58.65233161,85.1
0,18.06,34.83,31.88,10.19,4.45,12.63,31.42,1,NaN,65.44041451,94.5
0,21.87,33.92,31.19,10,2.46,11.69,20.08411215,1.07,NaN,64.80984456,94.59
0,18.93,33.69,32.42,10.02,4.28,12.43,40.27835052,0.97,NaN,62.47202073,94.87
0,21.93,34.28,30.6,9.72,2.84,11.86,26.36538462,1.04,NaN,63.90880829,91.22
0,20.2,31.92,33.19,9.84,4.23,12.24,33.16326531,0.98,NaN,62.15129534,92.8
0,22.08,34.15,30.5,9.54,3.08,11.95,24.4952381,1.05,NaN,65.01295337,93.7
0,19.87,36.63,29.73,9.81,3.29,12.25,35.66346154,1.04,NaN,66.01036269,96
0,22.53,35.71,29.26,9.93,1.97,11.68,21.40178571,1.12,NaN,67.78031088,98
0,20.75,34.16,31.82,9.5,3.13,11.82,26.97029703,1.01,NaN,61.85595855,86
0,22.18,33.95,31.95,9.16,2.12,11.23,22.32323232,0.99,NaN,57.60466321,87
0,19.87,36.63,29.73,9.81,3.29,12.25,33.76237624,1.01,NaN,64.10621762,91
0,22.49,34.94,29.62,9.72,2.56,11.84,24.29245283,1.06,NaN,65.02797927,94
0,34.01,11.34,38.25,10.3,6.1,12.4227065,94.09090909,0.88,175,53.88663538,65.6
0,40.47,13.26,36.76,5.89,3.62,10.304868,63.15789474,0.95,170,48.25565436,62.03
0,46.54,14.65,32.61,2.87,3.33,9.8789029,31.25,1.28,155,62.33053538,75.16
0,51.16,15.66,28.23,2.14,2.81,9.9335485,3.181818182,1.32,100,64.6339233,70.5
0,54.22,22.72,20.61,1.33,1.12,9.8599225,0,1.75,90,85.05379985,84.87
0,38.62,47.57,12.11,0.61,1.09,11.0408803,14.87179487,0.78,145.4,42.45027177,50.38
0,40.92,42.33,13.28,2.44,1.03,11.2479048,6.703296703,0.91,131.1,50.45395262,54.68
0,52.7,25.91,17.75,2.26,1.38,10.5873137,0,1.14,96.7,59.49394991,57.38
0,53.94,23.57,20.8,1.34,0.35,9.48288,0,1.31,96.2,61.23415389,62.86
0,54.22,22.72,20.61,1.33,1.12,9.8599225,0,1.75,94.5,85.05379985,84.87
11.68899752,55.20099855,12.6877535,10.17139321,10.25085722,NaN,12.72,NaN,0.63,62.98,46.60331445,23.12
12.96462611,71.47189269,5.61434305,0,9.949138149,NaN,13.78,NaN,1.19,27.33,95.36418975,20.96
12.74069214,73.84621093,3.72634508,1.003582399,8.683169449,NaN,13.34,NaN,1.3,23.62,100.852885,20.61
13.284786,71.4492446,10.72345494,3.389548003,1.152966456,NaN,10.92,NaN,1.2,25.91,76.20667772,20.76
0,33,30,19,15.5,3,13.15,1.85,1.03,NaN,67.75637819,75.2
0,47,24,19.5,7.5,3,10.85,0.78,1.31,NaN,71.10305153,75.8
0,57,15,21.5,4.5,2,9.76,0.22,1.66,NaN,81.04852426,78.5
0,59,16.5,22,2.5,1.5,9.34,0.18,1.85,NaN,86.43821911,80.86
0,28,35.5,13.5,16,7,13.62,40.15,0.72,NaN,49.05652826,59.19
0,48.5,22.5,15.5,11.5,3,12.11,8.02,1.26,NaN,76.33116558,71
0,56,17.5,21,5,1,10.09,0.23,1.62,NaN,81.76988494,76.79
0,53.5,17,24,4,2,9.38,0.85,1.5,NaN,70.3851926,75.73
0,53,16,25,5.5,1,9.73,1.78,1.43,NaN,69.60430215,71.78
0,52,15,26.5,5,2,9.4,2.86,1.38,NaN,64.89244622,71.16
0,31.5,22,23.5,13.5,9.5,11.598874,38.67,0.78,NaN,45.25823772,58.09066934
0,51,19,21.5,7.5,2,10.712242,0.76,1.4,NaN,75.0232056,69.89144961
55.5,8.4,17.1,13.8,5.2,NaN,5,NaN,NaN,NaN,NaN,NaN
58.2,6.7,15.6,14.9,4.6,NaN,4.4,NaN,NaN,NaN,NaN,NaN
63.8,4.2,12.2,15.8,4,NaN,3.4,NaN,NaN,NaN,NaN,NaN
66.5,3.2,10.7,16.3,3.3,NaN,2.8,NaN,NaN,NaN,NaN,NaN
54.8,5.6,19.1,13.8,6.7,NaN,5.4,NaN,NaN,NaN,NaN,NaN
57.2,4.4,17.4,15.2,5.8,NaN,4.7,NaN,NaN,NaN,NaN,NaN
61.4,3.6,14.5,16,4.5,NaN,3.8,NaN,NaN,NaN,NaN,NaN
64.6,3.1,12.4,16.3,3.6,NaN,3.2,NaN,NaN,NaN,NaN,NaN
23.3,32,23.2,13.1,8.4,NaN,9.4,NaN,NaN,NaN,NaN,NaN
9,42.4,21.8,19,7.8,NaN,10.1,NaN,NaN,NaN,NaN,NaN
6.7,48,17.8,21.8,5.7,NaN,9.3,NaN,NaN,NaN,NaN,NaN
3.2,52,17,22,5.8,NaN,9.9,NaN,NaN,NaN,NaN,NaN
30.6,19.5,28.8,9.5,11.6,NaN,10,NaN,NaN,NaN,NaN,NaN
10.6,35.5,27.1,15.8,11,NaN,11.2,NaN,NaN,NaN,NaN,NaN
5.3,54,13.5,21.6,5.6,NaN,9.6,NaN,NaN,NaN,NaN,NaN
43.73778033,10.89131685,18.50488787,15.0546291,6.325474411,2.346175963,5.77,13.78,NaN,NaN,NaN,NaN
19.90746861,19.72240582,25.41969597,23.83344349,8.314606742,2.842035691,7.27,18.67,NaN,NaN,NaN,NaN
8.199288256,22.90391459,30.60498221,27.77224199,10.10676157,3.658362989,8.26,19.55,NaN,NaN,NaN,NaN
43.34110852,12.58469399,18.78262801,15.06164612,5.853604354,1.677218705,5.58,NaN,NaN,NaN,NaN,NaN
22.80297207,19.26723034,23.57161158,22.95669997,8.173200102,2.549321035,7.11,8.18,NaN,NaN,NaN,NaN
7.156619873,22.91494633,27.42912194,27.08505367,9.386182219,3.055326177,8.09,6.62,NaN,NaN,NaN,NaN
53.09508615,5.654116146,15.85194639,13.92469687,4.582003829,2.795149968,4.28,13.47,NaN,NaN,NaN,NaN
27.70562771,9.848484848,23.61111111,21.95165945,7.467532468,4.220779221,5.22,NaN,NaN,NaN,NaN,NaN
11.37032843,13.27293318,30.55492639,28.85617214,9.603624009,5.50396376,5.49,11.39,NaN,NaN,NaN,NaN
0,28,41,12.5,11.5,5.5,15.59545,364,0.73,8.9,61.69446876,50
0,33,37.5,14,10,4,14.262345,245,0.845,6.3,65.30901065,59
0,38,32.5,16.5,8.5,4,13.6316,142,0.96,4.5,70.91588468,70
0,28.5,50,7,10,4,15.356235,154,0.785016641,10.7,65.32645193,62.5
0,41,30,18,7.5,3.5,12.98315,142,1.011109123,3.6,71.13831295,70
0,31.5,40,13.5,10,5,15.010995,243,0.744027072,6.2,60.52345003,59
0,28.5,37.5,17,11.5,5,14.909925,263,0.716240305,6.4,57.870825,59
52.85,14,16.5,13,3.5,0.15,4.5751612,NaN,2.183529621,NaN,54,74.95503728
42.44,25,14,16.5,2,0.06,5.056188672,NaN,2.59780654,NaN,71,88.32639898
47.96,23.5,11.5,15,2,0.04,4.463010552,NaN,2.570014089,NaN,62,76.70778577
50.5,17.5,12,16,4,0,6.8756882,NaN,1.85654143,NaN,69,61.91173743
53.03,11,17.5,12.5,4.5,1.47,5.8349549,NaN,1.458451718,NaN,46,56.10662284
51.44,17,12,15,3.5,1.06,4.51156496,NaN,2.214309245,NaN,54,75.12333869
50.04,17.5,11.5,16,4,0.96,4.733556408,NaN,2.188629248,NaN,56,76.20569063
38.508,16,23.5,14.5,7,0.492,7.498750646,NaN,1.628271238,NaN,66,76.66158556
42.04,20,15.5,16.5,5,0.96,6.54783744,NaN,1.8364842,NaN,65,74.04517883
36.27,30,13.5,16,3.5,0.73,6.585199654,NaN,2.627255195,NaN,79,84.69754937
46.31,22,10,19.5,2,0.19,4.346192994,NaN,2.620224186,NaN,52,79.19561125
32.08,32,14,16.5,4,1.42,7.482462624,NaN,2.136596038,NaN,73,74.55602673
44.5,17,16,10.5,12,0,7.8070245,NaN,2.636856077,NaN,94,93.17920692
48.5,16,15,11.5,9,0,6.68826116,NaN,1.931892265,NaN,59,63.24684998
43.17,17.5,19,13,6.5,0.83,5.95161611,NaN,1.978118175,NaN,61,75.22475743
42.11,21,18,12.5,5,1.39,8.641499295,NaN,1.474049764,NaN,66,53.48988095
48.5,16,17.5,12,6,0,6.5846508,NaN,1.758635401,NaN,60,59.12466475
54,17,15,10,4,0,6.5153016,NaN,0.947922349,NaN,32,26.04495754
55,6.8,18.7,11.4,6,2.1,6.6,87.1,1.44,NaN,58.53329469,60.7079273
49.9,9.3,21.8,11,6,2,7.06,55.2,1.59,NaN,69.13506379,70.97151564
44.2,13,24.7,10.8,5.5,1.8,7.45,48.9,1.8,NaN,82.58959195,83.54918677
39,16,27.9,11,5.1,1,7.72,41.7,2.01,NaN,95.5674285,96.06335176
35.1,18.6,31.3,10.4,4.1,0.5,7.7,38.1,2.07,NaN,98.16521298,100.3816578
52.5,9.8,21.4,8.1,6,2.2,7.26,80.4,1.3,NaN,58.12681348,53.83270347
50.8,9,20.1,13.5,5.1,1.5,6.32,43.5,1.89,NaN,73.56570901,82.6815484
52,7.9,18.9,16.1,4.3,0.8,5.37,36.4,2.31,NaN,76.39814401,99.69533219
55.4,6.5,15.8,18.7,3.1,0.5,4.15,31.9,2.84,NaN,72.58769058,116.6610709
48.58,6.91,11.35,23.93,1.27,0.98,2.69,7.215,1.35,NaN,21.17,61.86184255
51.15,8.23,13.55,20.37,1.84,1.12,3.32,6.852,1.47,NaN,28.46,65.93502669
52.73,10.92,16.72,16.48,2.98,1.27,4.43,6.321,1.62,NaN,41.85,73.26045673
53.49,12.78,18.99,13.11,3.96,1.75,5.3,5.686,1.81,NaN,55.94,82.91667165
55.67,13.51,19.81,11.58,3.72,1.62,5.39,5.125,2.14,NaN,67.26,94.73683954
56.88,12.26,17.97,13.82,3.65,1.54,4.99,4.873,2.53,NaN,73.61,113.1288436
59.71,10.58,15.16,18.41,1.57,1.31,3.69,4.617,2.86,NaN,61.54,126.894029
61.3,7,14,13.5,3,1.2,4.3,3.733,1.849618014,NaN,54.34065934,62.22841634
58.3,9.5,13,15,2.7,1.6,4.6,7.163,2.066115702,NaN,63.63068749,71.90140201
66.5,8,10,12,2.4,1.1,3.7,2.987,2.032520325,NaN,51.1753998,55.53205575
58.3,9.5,13,15,2.7,1.6,4.6,2.011,1.721311475,NaN,53.44672131,59.90211885
58.3,9.5,13,15,2.7,1.6,4.6,2.011,1.92,NaN,61.07182418,66.81653486
45,9.5,18,13.5,4.5,2.3,6.3,9.981,1.764705882,NaN,73.21153846,72.80451681
51.69,16,16,14.25,1.76,0.3,4.65,0.55,2.3,NaN,61.38912974,75.79542724
51.94,15,20.5,11.5,0.95,0.11,4.7,0.075,2.6,NaN,70.14260547,86.30977058
53.08,13.75,20.5,12,0.62,0.05,4.3,0.075,2.75,NaN,67.87531175,91.5429027
55.72,12,23.75,8.25,0.25,0.03,4.4,0.02,3,NaN,75.76778986,96.07413985
56.29,12,21.5,9.75,0.4,0.06,4.35,0.03,3.4,NaN,84.89436455,107.6413208
0,71.5,9,7.5,12,NaN,13.152775,NaN,0.7746225,NaN,70.4107495,24.03283447
0,64,13,14,9,NaN,11.77288,NaN,0.908775,NaN,73.93848668,36.02119488
0,60,15,17,8,NaN,11.23539,NaN,1.168425,NaN,90.72363898,51.62527945
1,56,20,15,8,NaN,11.43572,NaN,1.341525,NaN,106.0214532,63.223543
0.5,52.5,25,14,8,NaN,11.689965,NaN,1.4808705,NaN,119.6359662,75.87870018
0,56,20,15,9,NaN,11.79455,9,0.912283784,NaN,74.36058536,43.96542311
0,57.5,18,17,8,NaN,11.344805,8.85,1.040939189,NaN,81.61197041,49.28882214
0,60,15,17.5,8,NaN,11.23539,7.85,1.181290541,NaN,91.72259797,52.88281703
0,60,15,17.5,8,NaN,11.23539,6.7,1.286554054,NaN,99.89589878,57.59514726
0,60,14.5,17.5,8,NaN,11.172225,6.55,1.111114865,NaN,85.78870263,49.15483763
0.5,60,14,17.5,8,NaN,11.10906,6.5,1.029243243,NaN,79.01814059,44.98968664
46.46,15.83,22.46,12.33,2.25,0.61,5.72,NaN,2,77.96610169,66.12716763,78.74034364
45.25,17.56,22.61,12.02,2.03,0.46,5.74,NaN,2.02739726,79.45205479,67.26740043,78.95640066
46.59,16.6,22.55,11.78,1.91,0.5,5.62,NaN,2.054794521,79.45205479,66.75112836,79.08212651
47.25,16.35,21.29,12.39,2.28,0.43,5.52,NaN,1.810344828,108.6206897,54.31034483,67.42342903
60.5,7.97,20.04,10.58,0.69,0.22,3.76,NaN,1.74,172,41.93846154,55.76224502
66.54,5.78,12.27,14.55,0.608,0.24,2.53,NaN,1.888888889,187.3015873,30.63390313,54.06624827
45.07,17.06,21.74,13.02,2.55,0.54,5.82,NaN,1.977272727,120.4545455,63.57860372,73.54044847
51.5,17.5,19.2,10.3,1.2,NaN,4.743157,NaN,NaN,NaN,NaN,NaN
50.5,18.2,18.5,11,1.35,NaN,4.7840315,NaN,NaN,NaN,NaN,NaN
52.4,17,18.5,10.7,1.2,NaN,4.600811,NaN,NaN,NaN,NaN,NaN
51.5,17.5,18,11.5,1.35,NaN,4.6453855,NaN,NaN,NaN,NaN,NaN
51.5,17.5,19.2,10.3,1.2,NaN,4.743157,NaN,NaN,NaN,NaN,NaN
50.5,18.2,18.5,11,1.35,NaN,4.7840315,NaN,NaN,NaN,NaN,NaN
53,16.5,17.5,11.5,0.85,NaN,4.2949755,NaN,NaN,NaN,NaN,NaN
52.5,17,17,12,0.95,NaN,4.3216085,NaN,NaN,NaN,NaN,NaN
49.1,18,20.2,11,1.2,NaN,4.923402,NaN,NaN,NaN,NaN,NaN
48.9,19,19,11.4,1.3,NaN,4.915519,NaN,NaN,NaN,NaN,NaN
0,51.5,22,17,7,2.5,12,20.54794521,1.31838,58.695,93.19148936,72.51965227
0,55,20,15,6,4,12.4,26.92307692,1.1739,99.33,85.74468085,57.52918906
0,57.5,22,12,6,2.5,12.6,38.46153846,0.93912,139.965,69.70212766,44.6028336
0,50.5,27.5,11,8,3,13.2,76.62337662,0.69531,198.66,54.06382979,38.14832922
0,51.5,22,18.5,6,2,11.9,20,1.13245,62.48,109.2088608,61.40385272
0,49,23,17.5,6,4.5,12.4,33.07086614,0.99187,85.91,99.67088608,53.66457675
0,44,27.5,16,7.5,5,13.25,55.67010309,0.75757,121.055,81.34493671,44.67641534
0,37,34,16.5,8.5,4,13.75,101.4285714,0.5467,175.725,60.91772152,37.16784808
0,51.5,22,17,7,2.5,12.55,32.17391304,0.9982,173.6,78.01351351,55.82713242
0,51.5,22,18,6,2.5,12.6,48.51485149,0.87668,190.96,68.78918919,49.12988426
0,46,20,21,9,4,13,73.75,0.6944,195.3,56.21621622,42.43843636
0,38,27.5,20,9,5.5,13.3,103.030303,0.57288,203.98,47.44864865,39.29362579
0,51.5,22,18.5,7,1,11.7,35.71428571,0.85568,137.52,81.39130435,50.72802706
0,53,18,18.5,6,4.5,12.1,44.66019417,0.78692,145.16,77.40993789,41.93200758
0,53,17.5,18,9,2.5,12.4,68.35443038,0.60356,164.26,60.8447205,33.58744831
0,41.5,24.5,21.5,9,3.5,13.1,86.30136986,0.55772,221.56,59.39751553,38.29506463
0,51,19,17,13,0,10.83,17.5,1.32,NaN,77.12102974,65.3134927
0,51,NaN,NaN,NaN,NaN,13.45,15.5,1.55,NaN,112.4668197,NaN
0,59,NaN,NaN,NaN,NaN,13.72,12.5,1.66,NaN,122.8662579,NaN
0,58,NaN,NaN,NaN,NaN,13.12,15,1.36,NaN,96.25940555,NaN
0,22.5,40.5,18.5,14,NaN,12.56616,12.7,0.49464,NaN,33.4178784,35.3630409
0,25,40,16,14,NaN,12.77257,11.9,0.51296,NaN,35.22482531,35.07862175
0,25.5,42.5,13,13.5,NaN,12.962895,10.4,0.588988,NaN,41.04833118,39.53729566
0,40.4,24.1,21.7,12.2,1.7,12.78938,NaN,0.744417889,219,58.47060718,45.4728691
0,39.4,23.5,23.1,11.3,2.7,12.877375,NaN,0.719894463,217,56.93344822,44.00374071
0,52.2,22.1,19.5,6,0.2,10.692513,NaN,0.862760104,212,56.65537943,43.37723547
